{
  "scenario_count": 543,
  "classification_counts": {
    "FAIL": 412,
    "PASS": 131
  },
  "pass_rate": 0.24125230202578268,
  "marginal_rate": 0.0,
  "fail_rate": 0.7587476979742173,
  "feasible_rate": 0.24125230202578268,
  "target_10pct_rate": 0.24125230202578268,
  "median_energy_savings_fraction": 0.7734054460225462,
  "mean_energy_savings_fraction": 0.7762134237122561,
  "feasible_mean_energy_savings_fraction": 0.7842832953196364,
  "feasible_median_energy_savings_fraction": 0.7877360278099027,
  "median_net_head_m": -2.38660561630209,
  "median_velocity_ms": 0.12968828445824593,
  "median_pump_energy_mw": 0.028623616168163727,
  "median_turbine_generation_mw": 0.0,
  "top_failure_modes": {
    "VELOCITY_TOO_LOW": 412
  },
  "circulation_regime_counts": {
    "INFEASIBLE": 411,
    "RETROFIT_ASSIST": 131,
    "PASSIVE_NATURAL": 1
  },
  "success_layer_counts": {
    "NO_VALID_LAYER": 411,
    "HYBRID_RETROFIT_ASSIST": 131,
    "PASSIVE_STANDALONE": 1
  },
  "passive_natural_pass_rate": 0.0,
  "hybrid_assisted_pass_rate": 0.24125230202578268,
  "hybrid_assisted_marginal_rate": 0.0,
  "best_scenario": {
    "deep_temp_c": 5.215057239144227,
    "surface_temp_c": 33.91477894006274,
    "intake_depth_m": 399.6622148187183,
    "pipe_diameter_m": 0.8209171545064475,
    "pipe_length_m": 1809.4848087541209,
    "vertical_lift_height_m": 232.84854329733938,
    "number_of_pipes": 16,
    "it_load_mw": 173.1021740053521,
    "delta_t_c": 34.29546153321443,
    "hx_pressure_drop_kpa": 26.57064457782946,
    "pipe_roughness_mm": 0.026213383206549323,
    "turbine_efficiency": 0.8205444264927275,
    "pump_efficiency": 0.8071002589100087,
    "mass_flow_kg_s": 1264.0567156143643,
    "volumetric_flow_m3_s": 1.2348287885173672,
    "velocity_ms": 0.14581366289228515,
    "rho_cold_kgm3": 1027.7208937814162,
    "rho_hot_kgm3": 1019.6183444494811,
    "buoyancy_pressure_pa": 18508.20139566125,
    "buoyancy_head_m": 1.8430426904396882,
    "friction_losses_pa": 1029.7051521820374,
    "heat_exchanger_losses_pa": 26570.64457782946,
    "total_losses_pa": 27600.349730011494,
    "net_head_m": -0.9053941639054068,
    "turbine_generation_mw": 0.0,
    "pump_energy_mw": 0.016692716507693862,
    "aux_energy_mw": 1.3848173920428168,
    "hydra_net_energy_mw": 1.4015101085505106,
    "baseline_cooling_energy_mw": 8.076162063695968,
    "baseline_cooling_fraction": 0.04665546293743407,
    "energy_savings_fraction": 0.8264633501040561,
    "gravity_assist_fraction": 0.6705785099359153,
    "pump_offset_fraction": 0.6705785099359153,
    "required_velocity_ms": 0.14581366289228515,
    "natural_velocity_ms": 0.0,
    "required_flow_capacity_ratio": 20.574203682244423,
    "natural_cooling_capacity_ratio": 0.0,
    "pressure_balance_ratio": 0.6705785099359153,
    "classification": "FAIL",
    "failure_mode": "VELOCITY_TOO_LOW",
    "constraint_flags": "VELOCITY_TOO_LOW|INSUFFICIENT_NATURAL_CIRCULATION",
    "issue_count": 2,
    "cooling_works": false,
    "passive_natural_feasible": false,
    "requires_pump_assist": false,
    "circulation_regime": "INFEASIBLE",
    "success_layer": "NO_VALID_LAYER",
    "turbine_recovery_active": false,
    "meets_10pct_target": false,
    "scenario_family": "stage_2_candidates"
  },
  "best_pass_scenario": [
    {
      "deep_temp_c": 5.0,
      "surface_temp_c": 24.0,
      "intake_depth_m": 30.0,
      "pipe_diameter_m": 1.0,
      "pipe_length_m": 50.0,
      "vertical_lift_height_m": 250.0,
      "number_of_pipes": 2,
      "it_load_mw": 200.0,
      "delta_t_c": 40.0,
      "hx_pressure_drop_kpa": 40.0,
      "pipe_roughness_mm": 0.045,
      "turbine_efficiency": 0.85,
      "pump_efficiency": 0.82,
      "mass_flow_kg_s": 1252.1913348359628,
      "volumetric_flow_m3_s": 1.2244962899969567,
      "velocity_ms": 0.7795385494028104,
      "rho_cold_kgm3": 1027.7435,
      "rho_hot_kgm3": 1017.4915,
      "buoyancy_pressure_pa": 25143.030000000163,
      "buoyancy_head_m": 2.506313455422009,
      "friction_losses_pa": 3440.0408007343217,
      "heat_exchanger_losses_pa": 40000.0,
      "total_losses_pa": 43440.04080073432,
      "net_head_m": -1.8238869525224901,
      "turbine_generation_mw": 0.0,
      "pump_energy_mw": 0.0327872514783413,
      "aux_energy_mw": 1.6,
      "hydra_net_energy_mw": 1.6327872514783415,
      "baseline_cooling_energy_mw": 8.512,
      "baseline_cooling_fraction": 0.04256,
      "energy_savings_fraction": 0.8081781894409843,
      "gravity_assist_fraction": 0.5787984895165001,
      "pump_offset_fraction": 0.5787984895165001,
      "required_velocity_ms": 0.7795385494028104,
      "natural_velocity_ms": 0.0,
      "required_flow_capacity_ratio": 3.8484305905054246,
      "natural_cooling_capacity_ratio": 0.0,
      "pressure_balance_ratio": 0.5787984895165001,
      "classification": "PASS",
      "failure_mode": "NONE",
      "constraint_flags": "INSUFFICIENT_NATURAL_CIRCULATION",
      "issue_count": 1,
      "cooling_works": true,
      "passive_natural_feasible": false,
      "requires_pump_assist": true,
      "circulation_regime": "RETROFIT_ASSIST",
      "success_layer": "HYBRID_RETROFIT_ASSIST",
      "turbine_recovery_active": false,
      "meets_10pct_target": true,
      "scenario_family": "stage_2_candidates"
    }
  ],
  "best_passive_pass_scenario": [],
  "best_hybrid_pass_scenario": [
    {
      "deep_temp_c": 5.0,
      "surface_temp_c": 24.0,
      "intake_depth_m": 30.0,
      "pipe_diameter_m": 1.0,
      "pipe_length_m": 50.0,
      "vertical_lift_height_m": 250.0,
      "number_of_pipes": 2,
      "it_load_mw": 200.0,
      "delta_t_c": 40.0,
      "hx_pressure_drop_kpa": 40.0,
      "pipe_roughness_mm": 0.045,
      "turbine_efficiency": 0.85,
      "pump_efficiency": 0.82,
      "mass_flow_kg_s": 1252.1913348359628,
      "volumetric_flow_m3_s": 1.2244962899969567,
      "velocity_ms": 0.7795385494028104,
      "rho_cold_kgm3": 1027.7435,
      "rho_hot_kgm3": 1017.4915,
      "buoyancy_pressure_pa": 25143.030000000163,
      "buoyancy_head_m": 2.506313455422009,
      "friction_losses_pa": 3440.0408007343217,
      "heat_exchanger_losses_pa": 40000.0,
      "total_losses_pa": 43440.04080073432,
      "net_head_m": -1.8238869525224901,
      "turbine_generation_mw": 0.0,
      "pump_energy_mw": 0.0327872514783413,
      "aux_energy_mw": 1.6,
      "hydra_net_energy_mw": 1.6327872514783415,
      "baseline_cooling_energy_mw": 8.512,
      "baseline_cooling_fraction": 0.04256,
      "energy_savings_fraction": 0.8081781894409843,
      "gravity_assist_fraction": 0.5787984895165001,
      "pump_offset_fraction": 0.5787984895165001,
      "required_velocity_ms": 0.7795385494028104,
      "natural_velocity_ms": 0.0,
      "required_flow_capacity_ratio": 3.8484305905054246,
      "natural_cooling_capacity_ratio": 0.0,
      "pressure_balance_ratio": 0.5787984895165001,
      "classification": "PASS",
      "failure_mode": "NONE",
      "constraint_flags": "INSUFFICIENT_NATURAL_CIRCULATION",
      "issue_count": 1,
      "cooling_works": true,
      "passive_natural_feasible": false,
      "requires_pump_assist": true,
      "circulation_regime": "RETROFIT_ASSIST",
      "success_layer": "HYBRID_RETROFIT_ASSIST",
      "turbine_recovery_active": false,
      "meets_10pct_target": true,
      "scenario_family": "stage_2_candidates"
    }
  ],
  "best_marginal_scenario": [],
  "best_feasible_scenario": [
    {
      "deep_temp_c": 5.0,
      "surface_temp_c": 24.0,
      "intake_depth_m": 30.0,
      "pipe_diameter_m": 1.0,
      "pipe_length_m": 50.0,
      "vertical_lift_height_m": 250.0,
      "number_of_pipes": 2,
      "it_load_mw": 200.0,
      "delta_t_c": 40.0,
      "hx_pressure_drop_kpa": 40.0,
      "pipe_roughness_mm": 0.045,
      "turbine_efficiency": 0.85,
      "pump_efficiency": 0.82,
      "mass_flow_kg_s": 1252.1913348359628,
      "volumetric_flow_m3_s": 1.2244962899969567,
      "velocity_ms": 0.7795385494028104,
      "rho_cold_kgm3": 1027.7435,